-- MySQL dump 10.13  Distrib 8.0.30, for Win64 (x86_64)---- Host: localhost    Database: sportswh-- -------------------------------------------------------- Server version	8.0.30/*!40101 SET @OLD_CHARACTER_SET_CLIENT=@@CHARACTER_SET_CLIENT */;/*!40101 SET @OLD_CHARACTER_SET_RESULTS=@@CHARACTER_SET_RESULTS */;/*!40101 SET @OLD_COLLATION_CONNECTION=@@COLLATION_CONNECTION */;/*!50503 SET NAMES utf8mb4 */;/*!40103 SET @OLD_TIME_ZONE=@@TIME_ZONE */;/*!40103 SET TIME_ZONE='+00:00' */;/*!40014 SET @OLD_UNIQUE_CHECKS=@@UNIQUE_CHECKS, UNIQUE_CHECKS=0 */;/*!40014 SET @OLD_FOREIGN_KEY_CHECKS=@@FOREIGN_KEY_CHECKS, FOREIGN_KEY_CHECKS=0 */;/*!40101 SET @OLD_SQL_MODE=@@SQL_MODE, SQL_MODE='NO_AUTO_VALUE_ON_ZERO' */;/*!40111 SET @OLD_SQL_NOTES=@@SQL_NOTES, SQL_NOTES=0 */;---- Table structure for table `category`--DROP TABLE IF EXISTS `category`;/*!40101 SET @saved_cs_client     = @@character_set_client */;/*!50503 SET character_set_client = utf8mb4 */;CREATE TABLE `category` (  `categoryId` int NOT NULL AUTO_INCREMENT,  `categoryName` varchar(50) NOT NULL,  PRIMARY KEY (`categoryId`),  KEY `categoryId` (`categoryId`)) ENGINE=InnoDB AUTO_INCREMENT=8 DEFAULT CHARSET=latin1;/*!40101 SET character_set_client = @saved_cs_client */;---- Dumping data for table `category`--LOCK TABLES `category` WRITE;/*!40000 ALTER TABLE `category` DISABLE KEYS */;INSERT INTO `category` VALUES (1,'Shoes'),(2,'Helmets'),(3,'Pants'),(4,'Tops'),(5,'Balls'),(6,'Equipment'),(7,'Training Gear');/*!40000 ALTER TABLE `category` ENABLE KEYS */;UNLOCK TABLES;---- Table structure for table `item`--DROP TABLE IF EXISTS `item`;/*!40101 SET @saved_cs_client     = @@character_set_client */;/*!50503 SET character_set_client = utf8mb4 */;CREATE TABLE `item` (  `itemId` int NOT NULL AUTO_INCREMENT,  `itemName` varchar(150) NOT NULL,  `brand` varchar(50) DEFAULT NULL,  `gender` varchar(20) DEFAULT NULL,  `subcategory` varchar(100) DEFAULT NULL,  `price` decimal(10,2) DEFAULT NULL,  `salePrice` decimal(10,2) DEFAULT NULL,  `description` varchar(2000) DEFAULT NULL,  `featured` tinyint(1) NOT NULL DEFAULT '0',  `categoryId` int NOT NULL DEFAULT '0',  `categoryName` varchar(100) DEFAULT NULL,  `parentCategory` varchar(100) DEFAULT NULL,  `activity_tags` varchar(100) DEFAULT NULL,  `age_group` varchar(20) DEFAULT NULL,  `size_type` varchar(20) DEFAULT NULL,  `fit_style` varchar(20) DEFAULT NULL,  `images` varchar(2000) DEFAULT NULL,  `orientation` char(1) NOT NULL DEFAULT 'S' COMMENT '''P'' = portrait, ''L'' = landscape, ''S'' = square (default)',  `thumbnails_json` text COMMENT 'JSON array of all source-image paths',  `altText` text,  `ariaText` text,  `videoAltText` text,  `videos` text,  PRIMARY KEY (`itemId`),  KEY `itemId` (`itemId`),  KEY `FK_itemCategory` (`categoryId`),  CONSTRAINT `FK_itemCategory` FOREIGN KEY (`categoryId`) REFERENCES `category` (`categoryId`)) ENGINE=InnoDB AUTO_INCREMENT=55 DEFAULT CHARSET=latin1;/*!40101 SET character_set_client = @saved_cs_client */;---- Dumping data for table `item`--LOCK TABLES `item` WRITE;/*!40000 ALTER TABLE `item` DISABLE KEYS */;INSERT INTO `item` VALUES (2,'Pro-tec Classic Skate Helmet','pro-tec',NULL,NULL,70.00,0.00,'Get the classic Pro-Tec look with proven protection. Shop a wide range of skate, bmx & water helmets online at Pro-Tec Australia.',1,2,NULL,NULL,NULL,NULL,NULL,NULL,'images/brands/other/protec-skate_helmet.png','S',NULL,NULL,NULL,NULL,NULL),(3,'Nike sport 600ml Water Bottle','nike',NULL,NULL,17.50,15.00,'Rehydrate your body and revive your day with the Nike Sport 600ml Water Bottle. The asymmetrical, one-hand design provides easy grasping while the leakproof valve to prevent leakage. ',1,6,NULL,NULL,NULL,NULL,NULL,NULL,'images/brands/nike/other/600ml_waterbottle.png','P',NULL,NULL,NULL,NULL,NULL),(4,'String ArmaPlus Boxing Gloves','sting',NULL,NULL,79.95,NULL,'Get the perfect hand feel with the anatomically designed square shouldered mould to help you feel every shot land.',1,7,NULL,NULL,NULL,NULL,NULL,NULL,'images/brands/other/sting-armaplus-boxing_gloves-T3.png','S',NULL,NULL,NULL,NULL,NULL),(5,'Asics Gel Lethal Tigreor 8 IT Men\'s','asics',NULL,NULL,160.00,NULL,'The GEL-Lethal Tigreor 8 IT is an advanced lightweight football boot designed for high performance and speed. This boot features HG10mm technology.',1,1,NULL,NULL,NULL,NULL,NULL,NULL,'images/brands/asics/unisex/soccer_boots/gel_lethal_tigreor_8_IT.png','S',NULL,NULL,NULL,NULL,NULL),(6,'Asics GEL Kayano 27 Kids Running Shoes','asics',NULL,NULL,179.99,NULL,'Asics refine running for the next generation of young athletes with the Asics GEL Kayano 27. The exceptional support and comfort of the Kayano return in a lighter even more comfortable runner thanks to the two-piece, Flightfoam Propel midsole. ',0,1,NULL,NULL,NULL,NULL,NULL,NULL,'images/brands/asics/unisex/running_shoes/kayano_26.png','S',NULL,NULL,NULL,NULL,NULL),(8,'Nike girls Futura Air tee','nike',NULL,NULL,29.99,24.99,'Your child will be motivated to perform her best at training in the Nike Girls Futura Air Tee. The comfortable, non-restrictive crew neckline offers durability, while the iconic Nike Air logo is featured across the front and on the sleeve to highlight her sporty vibe.',0,4,NULL,NULL,NULL,NULL,NULL,NULL,'images/brands/nike/kids/girls/futura/air/pink_and_white/01.png','P',NULL,NULL,NULL,NULL,NULL),(10,'NANDEX V-Front Crop','stax','Female','nandex_v_front_crop',59.99,0.00,'Seamless, sculpted, and stunning GÇö the NANDEXGäó V-Front Crop by STAX.',0,4,NULL,NULL,'Gym, Yoga','Adults','Both','Compression','','S',NULL,NULL,NULL,NULL,NULL),(11,'NANDEX Long Sleeve Crop','stax','Female','nandex_longsleeve_crop',69.99,0.00,'Elevate your motion with the NANDEXGäó Long Sleeve Crop by STAX.',0,4,NULL,NULL,'Gym, Fitness, Lifestyle','Adults','Both','Compression','images/stax/banners/women/08-nandex-longsleeve.png','S',NULL,NULL,NULL,NULL,NULL),(12,'Mini Biker Shorts','stax','Female','biker_shorts',49.99,0.00,'Move freely in the sculpted Second Left Seamless Mini Biker Shorts GÇö available standard and plus-size.',0,4,NULL,NULL,'Gym, Lifestyle, Movement','Adults','Both','Compression','images/stax/banners/women/second-left/01-mini-biker-shorts.png','S',NULL,NULL,NULL,NULL,NULL),(13,'Second Left Seamless Bralette','stax','Female','bralette',39.99,0.00,'Support meets softness in the STAX Second Left Seamless Bralette GÇö now in both standard and plus-size.',0,1,NULL,NULL,'Gym, Yoga','Adults','Both','Compression','images/stax/banners/women/second-left/02-bralette.png','S',NULL,NULL,NULL,NULL,NULL),(14,'Second Left Seamless Long Sleeve Crop-Top','stax','Female','scoop_long_sleeve',69.99,0.00,'Stretch in style with the STAX Second Left Seamless Long Sleeve Crop-Top GÇö available in both standard and plus-size fits.',0,4,NULL,NULL,'Gym, Lifestyle','Adults','Both','Slim Fit','images/stax/banners/women/second-left/03-longsleeve-crop.png','S',NULL,NULL,NULL,NULL,NULL),(15,'Gel Lethal Tigreor 8 IT','Asics','Unisex','Soccer Boots',159.99,129.99,'Take control of the pitch with the ASICS Gel Lethal Tigreor 8 IT. Engineered for speed and precision, this elite-level football boot is built with lightweight synthetic leather for a snug fit and reduced weight. The integrated HG10mm heel gradient shifts your body forward for faster propulsion, while the rearfoot GELGäó cushioning absorbs impact and protects your joints. Whether you\'re slicing through defenders or sprinting down the wing, the Tigreor 8 IT gives you the edge to play at your sharpest.',0,5,NULL,'Shoes','rugby,soccer','Adults','','','','S','images/brands/asics/unisex/soccer_boots/gel_lethal_tigreor_8_IT.png','ASICS Gel Lethal Tigreor 8 IT football boots in black and gold with a streamlined design and studded sole for firm-ground traction.','ASICS Gel Lethal Tigreor 8 IT football boots in black with gold accents, featuring GEL cushioning and lightweight construction for speed and impact protection on the field.','',''),(16,'Gel Kayano 26','Asics','Unisex','Running Shoes',179.99,152.99,'Run longer and land softer with the ASICS Gel Kayano 26. This stability shoe blends plush comfort with advanced support so you can push through every mile. The signature GELGäó technology in the forefoot and rearfoot cushions each stride, while the DuoMaxGäó support system helps guide your foot with every transition. With a breathable mesh upper and dynamic fit, the Kayano 26 gives you the confidence to keep goingGÇöwhether itGÇÖs your first 5K or your next marathon.',0,5,NULL,'Shoes','running','Adults','','','','S','images/brands/asics/unisex/running_shoes/kayano_26.png','ASICS Gel Kayano 26 running shoes in white and blue with visible GEL cushioning and a breathable mesh upper.','ASICS Gel Kayano 26 stability running shoes, featuring GEL technology, DuoMax support, and a breathable upper for overpronators seeking cushioned long-distance comfort.','',''),(17,'4505 Curve Zip-Front Sports Bra (High Support)','ASOS','Female','Sports Bras',39.99,29.99,'This zip-front sports bra from the 4505 Curve line offers high support for plus-size workouts, with wide adjustable cross-back straps, inner hook fastening, and a secure underband. The sleek, functional design is ideal for movement and all-day comfort.',0,1,NULL,'Tops','gym,training','Adults','Plus Size','Regular Fit','','S','images/brands/asos/4504-curve/sports_bra/high_support/zip-front-adjustable-straps/01.png;images/asos/4504-curve/sports_bra/high_support/zip-front-adjustable-straps/02.png;images/asos/4504-curve/sports_bra/high_support/zip-front-adjustable-straps/03.png;images/asos/4504-curve/sports_bra/high_support/zip-front-adjustable-straps/04.png','Plus-size woman modeling a black high-support zip-front sports bra with matching leggings; shows front and back views with cross-back straps and hook closure.','Image of a plus-size model wearing a black zip-front sports bra from the 4505 Curve line. The bra features wide adjustable cross-back straps, front zipper with inner hooks, and a thick supportive underbandGÇödesigned for high-impact workouts and plus-size comfort.','',''),(18,'Adapt Seamless Shorts','AYBL','Female','Shorts',60.00,51.00,'This vibrant matching set from AYBLGÇÖs Adapt Seamless collection is made to sculpt, support, and turn heads. The figure-contouring shorts hug your curves with precision thanks to their body-mapped compression zones, high-rise waistband, and sculpt-knit shaping around the glutes and thighs. The lightweight seamless fabric moves effortlessly with your body, offering a second-skin feel.',0,2,NULL,'Pants','gym,studio','Adults','Standard','Compression','','S','images/brands/aybl/adapt_seamless/shorts/01.png;images/brands/aybl/adapt_seamless/shorts/02.png;images/brands/aybl/adapt_seamless/shorts/03.png;images/brands/aybl/adapt_seamless/shorts/04.png;images/brands/aybl/adapt_seamless/shorts/05.png;images/brands/aybl/adapt_seamless/shorts/06.png','Close-up views of AYBL Adapt Seamless Shorts in orange, showing sculpted compression zones and contour-knit detailing across the glutes and thighs.','AYBL Adapt Seamless Shorts in orange. Designed with high-rise ribbing and body-hugging sculpt zones that contour the glutes and thighs for a flattering, supportive fit.','',''),(19,'Adapt Seamless Sports Bra','AYBL','Female','Sports Bras',55.00,46.75,'Paired with the cross-strap sports bra featuring adjustable straps and a wide underband, this duo is perfect for gym sessions or summer streetwear alike.',0,1,NULL,'Tops','gym,studio','Adults','Standard','Regular Fit','','S','images/brands/aybl/adapt_seamless/sports_bra/01.png;images/brands/aybl/adapt_seamless/sports_bra/02.png;images/brands/aybl/adapt_seamless/sports_bra/03.png;images/brands/aybl/adapt_seamless/sports_bra/04.png;images/brands/aybl/adapt_seamless/sports_bra/05.png;images/brands/aybl/adapt_seamless/sports_bra/06.png','AYBL Adapt Seamless Sports Bra in orange with a scoop neckline and cross-back adjustable straps, worn as part of a coordinated activewear set.','AYBL Adapt Seamless Sports Bra in bright orange. Features a scoop front, cross-back adjustable straps, and ribbed underband for light support and flexibility during movement.','',''),(20,'Kate Galliano: Bubblegum Pink Bodysuit','Designer','Female','Bodysuits',129.00,109.00,'This cheeky Kate Galliano bodysuit in bubblegum pink wraps you in silky stretch fabric that sculpts and smooths in all the right places. A front zip adds function and flair, while the deep racerback and contour stitching dial up the flirty vibes with a wink. Whether you\'re striking a pose or just reaching for your lollipop, this suit doesnGÇÖt playGÇöit slays.',0,4,NULL,'Set','studio,lifestyle','Adults','Standard','Compression','','S','images/brands/designer/kate_galliano/bodysuit/bubblegum/01.png;images/designer/kate_galliano/bodysuit/bubblegum/02.png','Model in a pink sleeveless bodysuit with front zipper and racerback, styled with long hair and lollipop.','Kate Galliano bodysuit in bubblegum pink with front zip and deep racerback, modeled in playful style.','',''),(21,'Lisa Trujillo: Kids Activewear Set','Designer','Female','Set',59.99,49.99,'Bursting with personality and designed for movement, Lisa TrujilloGÇÖs Kids Activewear Sets bring maximum fun to mini athletes. From zebra stripes to candy-pink camo, each pair of leggings is paired with a matching crop top or branded tank to keep the energy high and the style even higher. These sets donGÇÖt just look unstoppableGÇöthey are unstoppable. Made for play, dance, and nonstop action.',0,4,NULL,'Set','kids,training','Kids','Standard','Compression','','S','images/brands/designer/lisa_trujillo/kids/01-activewear.jpg','Group of six girls wearing colorful Lisa Trujillo activewear sets with patterned leggings and crop tops, smiling against an orange background.','Group of girls modeling Lisa Trujillo Kids Activewear Sets in bold prints and bright colors, standing together in front of orange backdrop.','',''),(22,'Air: Futura Pink Tee','Nike','Female','T-Shirts',29.99,24.99,'With a bold pink, big swoosh, this tee has a sporty attitude and total Nike girl vibes.',0,1,NULL,'Tops','casual,training','Teens','Standard','Regular Fit','','S','images/brands/nike/kids/girls/futura/01-air-pink_and_white.png','Girl in bold pink Nike Air tee with oversized white swoosh and sporty vibe.','Nike Air Futura Pink Tee. Bold pink with large white swoosh, a sporty attitude and total Nike girl vibes.','',''),(23,'Swoosh: Sports Bra (Medium Support)','Nike','Female','Sports Bras',44.99,38.24,'This sleek black sports bra delivers medium support with a zip front and racerback designGÇöso you can stay locked in and focused, no distractions.',0,1,NULL,'Tops','training,gym','Teens','Standard','Compression','','S','images/brands/nike/women/swoosh/sports_bra/medium-support-padded/01.png;images/nike/women/swoosh/sports_bra/medium-support-padded/02.png;images/nike/women/swoosh/sports_bra/medium-support-padded/03.png;images/nike/women/swoosh/sports_bra/medium-support-padded/04.png;images/nike/women/swoosh/sports_bra/medium-support-padded/05.png','Model wearing black Nike sports bra with front zip and racerback design, shown in dynamic workout poses.','Nike Swoosh Sports Bra in black. Medium support with zip front and racerback. Shown on model in athletic poses.','',''),(24,'Training: Full-Zip Top Tracksuit','Nike','Female','Tracksuit',130.00,110.50,'Smooth. Sleek. Confident. This full-zip Nike tracksuit brings high-performance energy and curve-loving stretch with a cropped fit that means businessGÇöwhether you\'re hitting reps or hitting record.',0,4,NULL,'Set','training,athleisure','Adults','Standard','Compression','','S','images/brands/nike/women/training/full-zip_top Tracksuit/01.png;images/brands/nike/women/training/full-zip_top Tracksuit/02.png;images/brands/nike/women/training/full-zip_top Tracksuit/03.png;images/brands/nike/women/training/full-zip_top Tracksuit/04.png;images/brands/nike/women/training/full-zip_top Tracksuit/05.png;images/brands/nike/women/training/full-zip_top Tracksuit/06.png','Nike womenGÇÖs charcoal grey full-zip tracksuit set with cropped jacket and stretch leggings, styled with black sports bra and headphones.','Nike womenGÇÖs full-zip training tracksuit in dark grey with a cropped jacket, zip front, and high-waisted stretch leggingsGÇöstyled with a black Nike sports bra.','',''),(25,'Training: Pro Mesh 3 Inch Shorts','Nike','Female','Shorts',60.00,51.00,'With a bold mesh contour and high-rise cut, these 3-inch Nike Pro shorts bring fierce attitude to your next training session. The neon waistband lights up against the sleek black body, while the snug fit and stretch fabric move with you through every rep and sprint.',0,2,NULL,'Pants','training,track','Adults','Standard','Compression','','S','images/brands/nike/women/training/pro_mesh-3inch_shorts/01.png;images/brands/nike/women/training/pro_mesh-3inch_shorts/02.png;images/brands/nike/women/training/pro_mesh-3inch_shorts/03.png;images/brands/nike/women/training/pro_mesh-3inch_shorts/04.png;images/brands/nike/women/training/pro_mesh-3inch_shorts/05.png','Close-up of black Nike Pro 3-inch mesh training shorts with neon green waistband and side mesh panels.','Black Nike Pro 3-inch mesh training shorts with neon green branding and breathable mesh side panels, designed for dynamic movement and comfort.','',''),(26,'Running: Swift UV 12-Inch Zip Top','Nike','Female','Long Sleeve Tops',75.00,63.75,'Glow mode: activated. This lightweight long-sleeve zip top keeps you cool, covered, and confident, with thumbholes for extra grip and a neon punch thatGÇÖs hard to miss. Built for sunny runs and high vibes, itGÇÖs made with UV protection and stretch that moves as fast as you do.',0,1,NULL,'Tops','running,outdoor','Adults','Standard','Regular Fit','','S','images/brands/nike/women/running/swift_uv-12_zip_top/01.png;images/brands/nike/women/running/swift_uv-12_zip_top/02.png;images/brands/nike/women/running/swift_uv-12_zip_top/03.png;images/brands/nike/women/running/swift_uv-12_zip_top/04.png;images/brands/nike/women/running/swift_uv-12_zip_top/05.png;images/brands/nike/women/running/swift_uv-12_zip_top/06.png;images/brands/nike/women/running/swift_uv-12_zip_top/07.png','Model wearing a neon yellow Nike long-sleeve zip running top with thumbholes and subtle swoosh logo.','Nike Swift UV zip top in neon yellow with a quarter-zip front, thumbholes, and UV protection, designed for comfort and visibility on sunny runs.','',''),(27,'Zenvy: Flared Leggings','Nike','Female','Leggings',69.99,54.99,'Sleek, sculpting, and softly flaredGÇöthese leggings are made out of smooth InfinaSoft fabric and have a wide waistband that hugs you just right. Along with a hidden back pocket for your phone, theyGÇÖre all about minimalist comfort with just enough edge. Wear them to yoga or brunchGÇötheyGÇÖll move with you either way.',0,2,NULL,'Pants','yoga,studio','Adults','Standard','Loose Fit','','S','images/brands/nike/women/zenvy/leggings-high-waisted-flared/green/01.mp4;images/nike/women/zenvy/leggings-high-waisted-flared/green/02.png;images/nike/women/zenvy/leggings-high-waisted-flared/green/03.png;images/nike/women/zenvy/leggings-high-waisted-flared/green/04.png;images/nike/women/zenvy/leggings-high-waisted-flared/green/05.png','Model wearing flared teal Nike leggings with wide waistband and back phone pocket','Nike Zenvy flared leggings in teal with sculpting InfinaSoft fabric, wide waistband, and hidden back pocket for your phone.','',''),(28,'Zenvy: High-Waisted Leggings','Nike','Female','Leggings',64.99,55.24,'Move like you mean it in the Zenvy High-Waisted Leggings, built to flex with your flowGÇöwhether you\'re leaping into your day or stretching it out at the studio. Made with ultra-smooth InfinaSoft fabric, they feel light, barely-there, and designed to hug your shape with just the right amount of support. The wide waistband stays in place without digging in, and the sleek lavender hue brings a calm, confident vibe to every move.',0,2,NULL,'Pants','yoga,studio','Adults','Standard','Compression','','S','images/brands/nike/women/zenvy/leggings-high_waisted-full_length/purple/01.png;images/nike/women/zenvy/leggings-high_waisted-full_length/purple/02.png','Model wearing lavender high-waisted Nike Zenvy leggings and matching sports bra, holding a puffy white gym bag.','Nike Zenvy High-Waisted Leggings in lavender. Model shown wearing leggings with matching sports bra and puffy gym bag. Designed for lightweight support and movement-friendly comfort.','',''),(30,'MotionFlex Seamless Sports Bra','Pangaia','Female','Sports Bras',54.99,46.74,'Smooth, sculpted, and ready for movementGÇöthis seamless sports bra supports you without limits. The double-layer knit offers a compressive feel, while the wide straps and racerback cut give you full range of motion. Made with a sleek, high-stretch yarn, it hugs close without digging in. Wear it on its own or under layersGÇöeither way, itGÇÖs your go-to for every kind of training session.',0,1,NULL,'Tops','gym,studio','Teens','Standard','Compression','','S','images/brands/pangaia/stretch-compressive-sports_bra-volcanic_grey/01.png;images/pangaia/stretch-compressive-sports_bra-volcanic_grey/02.png;images/pangaia/stretch-compressive-sports_bra-volcanic_grey/03.png;images/pangaia/stretch-compressive-sports_bra-volcanic_grey/04.png','Model wearing the MotionFlex Seamless Sports Bra in Volcanic Grey, shown from front, side, and back to highlight compressive fit and racerback design.','MotionFlex Seamless Sports Bra in Volcanic Grey. Smooth, high-stretch knit with a compressive fit and racerback cut for unrestricted movement.','',''),(31,'RS-X-¦ Spectra','Puma','Unisex','Training Shoes',149.99,129.99,'Bold, unapologetic, and ready to moveGÇöthis remix of the classic RS series levels up the style and the cushioning. The RS-X-¦ Spectra layers color, texture, and dimension into a chunky retro silhouette thatGÇÖs built to turn heads and keep you grounded. With vibrant colorblocking and extra foam in the sole, itGÇÖs the perfect shoe for training days, streetwear statements, or wherever your day takes you.',0,5,NULL,'Shoes','lifestyle,gym','Adults','','','','S','images/brands/puma/unisex/training_shoes/rs-x-¦_spectra/01.png;images/puma/unisex/training_shoes/rs-x-¦_spectra/02.png','Side view of the Puma RS-X-¦ Spectra sneaker, featuring a multi-color design with red, yellow, blue, black, white, and gray panels on a thick white sole.','Puma RS-X-¦ Spectra training shoe with multicolor paneling and chunky white sole. Retro-inspired design with red, yellow, blue, and black details.','',''),(32,'Nano X3','Reebok','Unisex','Training Shoes',159.95,135.96,'Engineered for everything from lifting sessions to agility drills, the Reebok Nano X3 delivers versatility without compromise. Its durable Flexweave-« knit upper is breathable yet supportive, while the Lift and Run Chassis system adapts to your movementGÇöfirm for stability under load, cushioned for comfort on the move. Floatride Energy Foam in the forefoot gives responsive comfort whether you\'re sprinting or grinding through your last set. Built tough but made to move, the Nano X3 brings high-performance tech to every part of your workout',0,5,NULL,'Shoes','crossfit,training','Adults','','','','S','images/brands/reebok/unisex/training_shoes/nano_X3/black_court_brown.png;images/reebok/unisex/training_shoes/nano_X3/core_black-neon_cherry.png;images/reebok/unisex/training_shoes/nano_X3/pure_white.png','Side view of the Reebok Nano X3 training shoe, featuring a low-cut design with a breathable Flexweave upper, external heel clip for stability, and a cushioned outsole with Floatride Energy Foam for performance training. Shown in black/court brown, core black/neon cherry, and pure white colorways.','Reebok Nano X3 training shoe, designed for both lifting and cardio with a breathable Flexweave upper, adaptive Lift and Run Chassis, and Floatride Energy Foam cushioning. Available in black with court brown, black with neon cherry, and pure white colorways.','',''),(33,'Airlyte: Wrap Longsleeve','Stax','Female','Long Sleeve Tops',69.99,59.99,'Wrap yourself in confidence with this sleek and sculpted long-sleeve top. Designed with a flattering deep V-neckline and a soft wrap front, the AirLyt+¬ Wrap Longsleeve contours comfortably without clinging too tight. Thumbholes add functionality, while the breathable, four-way stretch fabric keeps up with every rep, reach, and rest. Whether layered over your sports bra for workouts or styled solo for post-gym plans, this top brings form and flow together effortlessly.',0,1,NULL,'Tops','training,studio','Adults','Both','Regular Fit','','S','images/brands/stax/women/airlyte/wrap-longsleeve/01.png;images/stax/women/airlyte/wrap-longsleeve/02.png;images/stax/women/airlyte/wrap-longsleeve/03.png','Plus-size model wearing the Stax AirLyt+¬ Wrap Longsleeve in soft pink, styled with both matching leggings and bike shorts. The fitted top features a wrap-front design, deep V-neckline, and thumbholes, shown in front and side poses.','The Stax AirLyt+¬ Wrap Longsleeve is modeled on a plus-size woman in a soft pink colorway. This fitted activewear top has a flattering wrap-style front, deep V-neckline that reveals a berry-toned sports bra underneath, and thumbholes for comfort and stability. Shown paired with both high-rise leggings and bike shorts, the model demonstrates front and side views to highlight the garmentGÇÖs stretch and sculpted fit.','',''),(34,'Airlyte: Active Zipper Jacket','Stax','Female','Long Sleeve Tops',110.00,93.50,'Sleek, sculpted, and ready to moveGÇöthe Stax AirLyt+¬ Active Zip Jacket delivers contouring support with a polished edge. Made from lightweight, second-skin AirLyt+¬ fabric, it hugs your shape while giving you the freedom to flow from workout to wind-down. The full-length zip front, thumbhole cuffs, and curved panel seams strike a confident balance between function and feminine style. Wear it zipped to the top or layered openGÇöyour pace, your look.',0,1,NULL,'Tops','training,studio','Adults','Both','Regular Fit','','S','images/brands/stax/women/airlyte/active_zip_Jacket/01.png;images/brands/stax/women/airlyte/active_zip_Jacket/02.png;images/brands/stax/women/airlyte/active_zip_Jacket/03.png;images/brands/stax/women/airlyte/active_zip_Jacket/04.png;images/brands/stax/women/airlyte/active_zip_Jacket/05.png;images/brands/stax/women/airlyte/active_zip_Jacket/06.png;images/brands/stax/women/airlyte/active_zip_Jacket/07.png','Model wearing the Stax AirLyt+¬ Active Zip Jacket in light pink, shown zipped up and open, styled with matching shorts or leggings in various poses.','Image series of the Stax AirLyt+¬ Active Zip Jacket in pink, shown on multiple models in open and zipped positions, styled with matching activewear.','',''),(35,'AirLyte: Backless Playsuit','Stax','Female','One-Piece',70.00,59.50,'Sleek, sculpting, and made to moveGÇöthis backless playsuit hugs you in all the right places. With a deep V neckline, thin adjustable straps, and a compressive stretch feel, itGÇÖs built for flexibility whether youGÇÖre training, stretching, or just stepping out. The soft beige trim adds just enough contrast to keep it effortlessly elevated.',0,4,NULL,'Set','studio,athleisure','Adults','Both','Compression','','S','images/brands/stax/women/airlyte/backless_playsuit/01.png;images/brands/stax/women/airlyte/backless_playsuit/02.png;images/brands/stax/women/airlyte/backless_playsuit/03.png;images/brands/stax/women/airlyte/backless_playsuit/04.png;images/brands/stax/women/airlyte/backless_playsuit/05.png;images/brands/stax/women/airlyte/backless_playsuit/06.png;images/brands/stax/women/airlyte/backless_playsuit/07.png','A women\'s sleeveless chocolate brown playsuit from the Stax AirLyt+¬ collection, featuring a deep V neckline, fitted body, and criss-cross back straps with beige trim.','Stax AirLyt+¬ Backless Playsuit shown in chocolate brown on slim and plus-size models. The form-fitting design includes a V neckline with beige trim, adjustable thin straps crossing at the back, and mid-thigh leg length. Designed for comfort, stretch, and active movement.','',''),(36,'AirLyte: Full-Length Tights','Stax','Female','Leggings',80.00,68.00,'The Stax AirLyt+¬ Full-Length Tights are engineered for comfort, stretch, and smooth support. Designed in a vibrant candy pink shade, they feature a high-rise waistband that flatters every figure and stays put through any workout. Whether you\'re deep in your yoga flow or on a weekend errand run, these tights move with youGÇönever against you. The AirLyt+¬ fabric is buttery soft, ultra-breathable, and moisture-wicking, making them your new go-to for training or lounging.',0,2,NULL,'Pants','training,studio','Adults','Both','Compression','','S','images/brands/stax/women/airlyte/full-length_tights/01.png;images/brands/stax/women/airlyte/full-length_tights/02.png','Two women wear the Stax AirLyt+¬ Full-Length Tights in pastel pinkGÇöone slim facing the front with white sneakers, the other plus-sized and turned away showing the high waist and sculpted back view.','Model one wearing Stax AirLyt+¬ Full-Length Tights in candy pink, shown from the front to highlight the high-rise waistband and snug fit; model two shown from the back, revealing the smooth seam lines and stretch-enhanced silhouette.','',''),(37,'AirLyte: Mini Biker Shorts','Stax','Female','Shorts',60.00,51.00,'Cut for comfort and confidence, the Stax AirLyt+¬ Mini Biker Shorts are your warm-weather go-to for effortless movement. Designed in a soft pastel pink, these high-waisted shorts sculpt and support with second-skin smoothness, hugging your body without digging in. The wide waistband flatters the midsection, while the short inseam gives you breathable flexibilityGÇöideal for high-intensity workouts, casual styling, or layering under oversized fits. Crafted from StaxGÇÖs signature AirLyt+¬ fabric, the fit feels weightless yet secure, stretchable but strong.',0,2,NULL,'Pants','training,studio','Adults','Both','Compression','','S','images/brands/stax/women/airlyte/mini_biker_shorts/01.png;images/brands/stax/women/airlyte/mini_biker_shorts/02.png','Two women wear the Stax AirLyt+¬ Mini Biker Shorts in pastel pinkGÇöone slim and standing with legs crossed in white sneakers, the other plus-sized in a confident front-facing pose with matching top.','Product images of the Stax AirLyt+¬ Mini Biker Shorts in pastel pink. A slim model wears the shorts with a close-up of the front, while a plus-size model displays the full matching set from the front, showing the flattering high-rise waist and sculpted fit across sizes.','',''),(38,'AirLyte: Ruched Tank','Stax','Female','Tank Tops',60.00,51.00,'A standout base layer that flatters every figure, the Stax AirLyt+¬ Ruched Tank in pastel pink brings sleek style to every size. Designed to contour and support, it features a ruched front, built-in shelf bra, and soft cross-back straps for a barely-there feel. As one of the most versatile pieces in the AirLyt+¬ collection, it layers seamlessly over your favorite shorts or tights, whether you\'re training, stretching, or styling a streetwear look. Featured here on both slim and plus-sized models to highlight its flawless fit for every body.',0,1,NULL,'Tops','studio,athleisure','Adults','Both','Compression','','S','images/brands/stax/women/airlyte/ruched_tank/01.png;images/brands/stax/women/airlyte/ruched_tank/02.png;images/brands/stax/women/airlyte/ruched_tank/03.png;images/brands/stax/women/airlyte/ruched_tank/04.png;images/brands/stax/women/airlyte/ruched_tank/05.png;images/brands/stax/women/airlyte/ruched_tank/06.png;images/brands/stax/women/airlyte/ruched_tank/07.png;images/brands/stax/women/airlyte/ruched_tank/08.png;images/brands/stax/women/airlyte/ruched_tank/09.png;images/brands/stax/women/airlyte/ruched_tank/10.png;images/brands/stax/women/airlyte/ruched_tank/11.png;images/brands/stax/women/airlyte/ruched_tank/12.png','Two women wear the Stax AirLyt+¬ Ruched Tank in pastel pinkGÇöone slim, the other plus-sizedGÇöand matching pink biker shorts with white sneakers to demonstrate the tankGÇÖs flattering fit and versatility across body types.','Two women wear the Stax AirLyt+¬ Ruched Tank in pastel pinkGÇöone slim, the other plus-sizedGÇöand matching pink biker shorts with white sneakers to demonstrate the tankGÇÖs flattering fit and versatility across body types. Additional images show close-up views of the ruched front, supportive shelf bra, and soft crisscross straps, capturing the tank from multiple angles to showcase its detail and fit.','',''),(39,'Nandex: Venus Skirt','Stax','Female','Skirts',70.00,59.50,'Serve looks on and off the court. The Stax Venus Skirt brings sleek athletic energy to your fit with a flared hem, side split, and buttery-soft stretch fabric built for movement. A rare find in the Stax range, this skirt is perfect for tennis or styled up as a versatile athleisure piece. The wide waistband offers a secure yet flattering fit, while the subtle split adds ease for dynamic playGÇöor just showing off sneakers.',0,3,NULL,'Skirts and Dresses','tennis','Adults','Both','Regular Fit','','S','images/brands/stax/women/nandex/venus_skirt/02.png;images/brands/stax/women/nandex/venus_skirt/03.png;images/brands/stax/women/nandex/venus_skirt/04.png;images/brands/stax/women/nandex/venus_skirt/05.png;images/brands/stax/women/nandex/venus_skirt/06.png;images/brands/stax/women/nandex/venus_skirt/07.png;images/brands/stax/women/nandex/venus_skirt/08.png','Multiple women wear the Stax Venus Skirt in blackGÇöan athletic-style skirt with a high waistband and side split, styled for movement and performance. Pairs shown include a fitted tennis tank, asymmetrical crop, and performance sneakers.','Multiple women wear the Stax Venus Skirt in blackGÇöan athletic-style skirt with a high waistband and side split, styled for movement and performance. Pairs shown include a fitted tennis tank, asymmetrical crop, and performance sneakers.','',''),(40,'Nandex: Flex Crop','Stax','Female','Crop Tops',65.00,55.25,'Perfectly matched with the Venus Skirt, the Flex Crop is the most supportive of the three crop options in the Nandex rangeGÇömaking it your best choice for a game of tennis or any movement-intensive activity. With its bold asymmetrical cutout design and firm elastic band, the Flex Crop balances style and function in one statement piece. If youGÇÖre after a softer silhouette or require less support, the Strappy Crop and Adira Crop offer lightweight alternatives in the same Nandex fabric and coordinating color palette.',0,1,NULL,'Tops','tennis,training','Adults','Both','Compression','','S','images/brands/stax/women/nandex/flex_crop/01.png;images/brands/stax/women/nandex/flex_crop/02.png;images/brands/stax/women/nandex/flex_crop/03.png;images/brands/stax/women/nandex/flex_crop/04.png','Two women wear the Stax Nandex Flex Crop in blackGÇöone slim, the other plus-sizedGÇöstyled with the black Venus Skirt and matching sneakers to highlight the cropGÇÖs asymmetrical cut and high-support design for tennis movement.','Two women wear the Stax Nandex Flex Crop in blackGÇöone slim, the other plus-sizedGÇöstyled with the black Venus Skirt and sneakers to showcase the cropGÇÖs bold one-shoulder design and supportive fit, ideal for active play.','',''),(41,'Nandex: Adira Crop','Stax','Female','Crop Tops',65.00,55.25,'The Adira Crop balances elegant asymmetry with light-to-medium support, offering a stylish alternative for days when you want comfort with a bold twist. With its single-shoulder design and minimalist lines, itGÇÖs perfect for casual rallies or hitting the court at your own pace. Though not as structured as the Flex Crop, the Adira still delivers a secure fit for those with smaller busts or lower support needs. Crafted in breathable Nandex fabric, it moves smoothly with your body while making a statement on and off the court.',0,1,NULL,'Tops','training,studio','Adults','Both','Compression','','S','images/brands/stax/women/nandex/adira_crop/01.png;images/brands/stax/women/nandex/adira_crop/02.png;images/brands/stax/women/nandex/adira_crop/03.png;images/brands/stax/women/nandex/adira_crop/04.png','Two women wear the Stax Nandex Adira Crop in blackGÇöone slim, one plus-sizedGÇöwith matching high-waisted leggings to show the asymmetrical one-shoulder neckline and soft, form-fitting comfort across body types.','Two women wear the Stax Nandex Adira Crop in blackGÇöone slim, one plus-sizedGÇöpaired with black tights to demonstrate the sleek one-shoulder style and flattering light-support fit for a range of body shapes.','',''),(42,'Nandex: Strappy Crop','Stax','Female','Long Sleeve Tops',65.00,55.25,'Minimalist and effortlessly flattering, the Stax Nandex Strappy Crop is your go-to for low-impact days, warm-ups, or activewear chic. With slender spaghetti straps and a scooped neckline, itGÇÖs the most relaxed fit of the trioGÇöideal for light court activity or post-match comfort. While not designed for high-impact play, its stretchy Nandex material still provides a gentle hold and second-skin feel. Pair it with the Venus Skirt for a clean, feminine look that blends sport with style.',0,1,NULL,'Tops','studio','Adults','Both','Compression','','S','images/brands/stax/women/nandex/strappy_crop/01.png;images/brands/stax/women/nandex/strappy_crop/02.png;images/brands/stax/women/nandex/strappy_crop/03.png;images/brands/stax/women/nandex/strappy_crop/04.png','Two women wear the Stax Nandex Strappy Crop in blackGÇöone slim, the other plus-sizedGÇöposing from front and back to reveal the minimal spaghetti strap design and racerback support across different body types.','Two women wear the Stax Nandex Strappy Crop in blackGÇöone slim, one plus-sizedGÇöshown from front and back angles to highlight the light support, low-coverage neckline, and racerback design.','',''),(43,'Nandex: V-Front Crop','Stax','Female','Crop Tops',59.99,50.99,'A bold, sculpting statement for the gym or your next fitness shoot. The Stax V-Front Crop combines a plunging neckline with cross-front panelling that enhances your natural shape while maintaining support during movement. Designed with thick straps and a secure underband, itGÇÖs flattering, breathable, and crafted for those who want their activewear to turn heads as well as perform.',0,1,NULL,'Tops','studio','Adults','Both','Compression','','S','images/brands/stax/women/nandex/v_front-crop/01.png;images/brands/stax/women/nandex/v_front-crop/02.png;images/brands/stax/women/nandex/v_front-crop/03.png;images/brands/stax/women/nandex/v_front-crop/04.png;images/brands/stax/women/nandex/v_front-crop/05.png;images/brands/stax/women/nandex/v_front-crop/06.png','Two women wear the Stax V-Front Crop in mauve pinkGÇöone slim, the other plus-sizedGÇöand matching V-waist bike shorts with white sneakers, showcasing the cropGÇÖs plunging neckline, sculpted support, and flattering fit across body types.','Two women model the Stax V-Front Crop in mauve pinkGÇöone slim, the other plus-sizedGÇöpaired with matching V-waist bike shorts and white sneakers, highlighting the plunging neckline and supportive fit on both body types.','',''),(44,'Second Left Seamless: Mini Biker Shorts','Stax','Female','Shorts',49.99,39.99,'The Secondleft Seamless range is engineered from a soft-touch stretch knit which moves with your body like a second skin. The Mini Biker Shorts offer sculpting support through the waistband while maintaining a lightweight feel for all-day wear. Whether you\'re lifting, lounging, or leaning into athleisure, these shorts deliver flexibility with subtle structure. Seen here in Sage and Chocolate, theyGÇÖre styled three ways: with a vintage tennis racquet for a sporty vibe, as part of a minimalist set with the Bralette and Long Sleeve Scoop Crop, and layered under a puffer jacket for street-ready appeal.',0,2,NULL,'Pants','training,studio','Adults','Both','Compression','','S','images/brands/stax/women/second_left_seamless_campaign/biker_shorts/01.png;images/stax/women/second_left_seamless_campaign/biker_shorts/02.png;images/stax/women/second_left_seamless_campaign/biker_shorts/03.png;images/stax/women/second_left_seamless_campaign/biker_shorts/04.png;images/stax/women/second_left_seamless_campaign/biker_shorts/05.png;images/stax/women/second_left_seamless_campaign/biker_shorts/06.mp4','Three women model the Secondleft Seamless Mini Biker Shorts in Sage and ChocolateGÇöone slim with a tennis racquet, one plus-sized in coordinated pieces, and one styled in a puffer jacketGÇödemonstrating the shortsGÇÖ versatility across body types and aesthetics.','Three women are shown wearing the Secondleft Seamless Mini Biker Shorts in both Sage and Chocolate. A slim model poses with a tennis racquet for a sporty look; a plus-sized model wears a minimalist matching set in Sage; and a third model in Chocolate pairs the shorts with a puffer jacket, highlighting the styleGÇÖs flexibility across active, casual, and streetwear looks.','',''),(45,'Second Left Seamless: Bralette','Stax','Female','Sports Bras',39.99,29.99,'Lightweight and barely-there, the Secondleft Seamless Bralette is your go-to for soft support and natural shaping. The minimalist design features a flattering V-neckline, adjustable spaghetti straps, and a ribbed underband that holds without digging. Designed to be worn solo or under layers, this bralette offers total comfort in motion or at restGÇöperfect for lounging, walking, or winding down. Styled in the Sage colourway, this bralette is paired here with matching seamless shorts on both slim and plus-sized models, showcasing its stretch fit and inclusive design from every angle.',0,1,NULL,'Tops','training,studio','Adults','Both','Compression','','S','images/brands/stax/women/second_left_seamless_campaign/bralette/01.png;images/stax/women/second_left_seamless_campaign/bralette/02.png;images/stax/women/second_left_seamless_campaign/bralette/03.png;images/stax/women/second_left_seamless_campaign/bralette/04.png','Two women wear the Secondleft Seamless Bralette in SageGÇöone slim and one plus-sizedGÇöshown from both front and rear angles to display the adjustable straps, ribbed band, and stretch fit across sizes.','Images showing two women wearing the Secondleft Seamless Bralette in Sage. One model is slim and the other plus-sized. Both front and rear views are included to demonstrate the design\'s support, adjustable fit, and inclusive stretch across body types.','',''),(46,'Second Left Seamless: Long Sleeve Scoop Crop-Top','Stax','Female','Long Sleeve Tops',69.99,59.49,'This long sleeve crop-top adds refined coverage with a scooped neckline and fitted silhouette. Made with soft-stretch fabric and thumbhole cuffs, it layers easily over the bralette or works as a sleek standalone. Its cropped cut highlights the waist while the second-skin knit ensures it hugs just rightGÇöwhether you\'re heading to yoga or hitting the street in sneakers.',0,1,NULL,'Tops','training,studio','Adults','Both','Slim Fit','','S','images/brands/stax/women/second_left_seamless_campaign/scoop_long_sleeve/01.png;images/stax/women/second_left_seamless_campaign/scoop_long_sleeve/02.png;images/stax/women/second_left_seamless_campaign/scoop_long_sleeve/03.png;images/stax/women/second_left_seamless_campaign/scoop_long_sleeve/04.png;images/stax/women/second_left_seamless_campaign/scoop_long_sleeve/05.png;images/stax/women/second_left_seamless_campaign/scoop_long_sleeve/06.mp4','Two womenGÇöone slim, one plus-sizedGÇöwearing the Secondleft Seamless Long Sleeve Scoop Crop-Top in Sage. The top features a scoop neckline, long sleeves with thumbholes, and a cropped fit. Shown styled both layered over the bralette and as a standalone piece with matching seamless bottoms.','Two womenGÇöone slim, one plus-sizedGÇöwearing the Secondleft Seamless Long Sleeve Scoop Crop-Top in Sage. The top features a scoop neckline, long sleeves with thumbholes, and a cropped fit. Shown styled both layered over the bralette and as a standalone piece with matching seamless bottoms.','',''),(47,'Poly Tracksuit','Under Armour','Male','Set',119.99,99.99,'Push your off-duty look up a gear in this sleek Under Armour Poly Tracksuit. Designed with a slick finish and soft stretch, the set offers breathable movement whether youGÇÖre warming up or winding down. The zip-through top features a funnel neck and sporty sleeve stripes, while the tapered pants deliver a tailored fit with elastic cuffs for versatility. Finished with tonal Under Armour logos and deep pockets for everyday utility. Styled here in iron grey with black contrast detailing, the model pairs the tracksuit with a curved white cap and retro sneakers for a clean street-ready look.',0,4,NULL,'Set','training,athleisure','Adults','Standard','Regular Fit','','S','images/brands/underarmour/men/poly_tracksuit/01.png;images/underarmour/men/poly_tracksuit/02.png;images/underarmour/men/poly_tracksuit/03.png;images/underarmour/men/poly_tracksuit/04.png;images/underarmour/men/poly_tracksuit/05.png','A male model in a grey Under Armour tracksuit with black side stripes, shown in seven poses including kneeling, standing, close-ups of the logo and pants, and a back view.','Images show a male model wearing the Under Armour Poly Tracksuit set in grey with black stripe detailing. The model appears in a kneeling pose, upright stance, several close-up views of the jacket and pants, a full front pose with hand raised, and a rear view showing the back of the tracksuit.','',''),(48,'Storm Vanish Track Pants','Under Armour','Male','Track Pants',89.99,69.99,'UA Storm technology repels water without sacrificing breathability, while 4-way stretch fabric and articulated knees allow unrestricted movement. The tapered fit and ankle cuffs create a clean, modern silhouette that transitions seamlessly from gym to street. Styled here with a coral UA tee and white UA Phantom sneakers, these track pants are ready for whatever your day demandsGÇörain or shine.',0,2,NULL,'Pants','running,outdoor','Adults','Standard','Regular Fit','','S','images/brandsunderarmour/men/ua_storm_vanish_track_pants/01.png;images/underarmour/men/ua_storm_vanish_track_pants/02.png;images/underarmour/men/ua_storm_vanish_track_pants/03.png;images/underarmour/men/ua_storm_vanish_track_pants/04.png;images/underarmour/men/ua_storm_vanish_track_pants/05.png','Male model wears Under Armour Storm Vanish Track Pants in black with a coral UA tee and white UA Phantom sneakers, shown in multiple poses to highlight the tapered fit, zip pockets, and Storm logo near the ankle cuff.','Male model wears Under Armour Storm Vanish Track Pants in black with a coral UA tee and white UA Phantom sneakers, shown in multiple poses to highlight the tapered fit, zip pockets, and Storm logo near the ankle cuff.','',''),(49,'Wordmark: Strappy Sports Bra','Under Armour','Female','Sports Bras',55.00,46.75,'Made to move with you, the Under Armour Wordmark: Strappy Sports Bra delivers sleek support with a barely-there feel. Featuring soft, breathable fabric and branded elastic straps, itGÇÖs built for low-impact workouts like yoga, barre, and rest-day stretches. The minimalist silhouette includes mesh panel detailing and the iconic UA logo, offering style and confidence whether you\'re in the studio or layering it under your everyday looks.',0,1,NULL,'Tops','training,gym','Adults','Standard','Compression','','S','images/brands/underarmour/women/wordmark_strappy_sports_bra/01.png;images/brands/underarmour/women/wordmark_strappy_sports_bra/02.png;images/brands/underarmour/women/wordmark_strappy_sports_bra/03.png;images/brands/underarmour/women/wordmark_strappy_sports_bra/04.png;images/brands/underarmour/women/wordmark_strappy_sports_bra/05.png','Woman wearing the Under Armour Wordmark Strappy Sports Bra in black, styled with black UA leggings and branded elastic straps, shown from multiple angles including front, side, and back views.','Under Armour Wordmark Strappy Sports Bra shown on model in black set with branded straps, mesh panel detail, and styled with coordinating UA leggings.','',''),(50,'Crewneck Sweatshirt','Wilson','Male','Long Sleeve Tops',79.99,67.99,'A stylish crewneck sweater with premium cotton-blend for softness and warmth. The athletic cut makes it ideal for warming up, layering courtside, or casual wear after a match. The gradient fade from blue to white adds a bold, modern twist to classic tennis style.',0,1,NULL,'Tops','athleisure,tennis','Adults','Standard','Regular Fit','','S','images/brands/wilson/men/active_set/parkside_crew/01.png;images/brands/wilson/men/active_set/parkside_crew/02.png;images/brands/wilson/men/active_set/parkside_crew/03.png;images/brands/wilson/men/active_set/parkside_crew/04.png','Male tennis player wearing Wilson crewneck sweatshirt in blue and white gradient.','Image of a man in a Wilson crewneck sweatshirt, transitioning from deep blue at the top to white at the bottom.','','images/wilson/video/rf_collection_by_wilson-06_secs-youtube.mp4;images/wilson/unisex/rf_collection/pro_classic/01/youtube.mp4'),(51,'Tournament Shirt','Wilson','Male','T-Shirts',70.00,59.50,'This performance tee features lightweight, breathable fabric with moisture-wicking tech to keep you cool under pressure. A subtle blue tone with a small red Wilson logo at the chest gives it a clean, athletic lookGÇöperfect for match day or everyday training.',0,1,NULL,'Tops','tennis','Adults','Standard','Regular Fit','','S','images/brands/wilson/men/active_set/tournament_shirt/01.png;images/brands/wilson/men/active_set/tournament_shirt/02.png;images/brands/wilson/men/active_set/tournament_shirt/03.png;images/brands/wilson/men/active_set/tournament_shirt/04.png;images/brands/wilson/men/active_set/tournament_shirt/05.png','Man wearing a blue Wilson performance tee with red Wilson logo at center chest.','Image shows a man dressed in a Wilson short-sleeve tournament tee in blue, standing in a ready position with a tennis ball in hand.','',''),(52,'Tournament Shorts','Wilson','Male','Shorts',49.99,42.49,'These unlined, quick-dry performance shorts feature a soft ombr+¬ fade from gray-blue to white, matching the sweatshirt. Designed for tennis with side slits and pockets deep enough for tennis balls. A 7\" inseam gives just the right freedom of movement.',0,2,NULL,'Pants','tennis','Adults','Standard','Regular Fit','','S','images/brands/wilson/men/active_set/tournament_shorts/01.png;images/brands/wilson/men/active_set/tournament_shorts/02.png;images/brands/wilson/men/active_set/tournament_shorts/03.png;images/brands/wilson/men/active_set/tournament_shorts/04.png;images/brands/wilson/men/active_set/tournament_shorts/05.png','Close-up of Wilson tennis shorts in gray-blue to white ombr+¬, with drawstring waistband and side pockets.','Image displays menGÇÖs Wilson tennis shorts with a drawstring waistband and deep side pockets, shown in an ombr+¬ fade.','','');/*!40000 ALTER TABLE `item` ENABLE KEYS */;UNLOCK TABLES;---- Table structure for table `item_import`--DROP TABLE IF EXISTS `item_import`;/*!40101 SET @saved_cs_client     = @@character_set_client */;/*!50503 SET character_set_client = utf8mb4 */;CREATE TABLE `item_import` (  `brand` varchar(100) DEFAULT NULL,  `itemName` varchar(255) DEFAULT NULL,  `subCategory` varchar(100) DEFAULT NULL,  `gender` varchar(20) DEFAULT NULL,  `ageGroup` varchar(20) DEFAULT NULL,  `sizeType` varchar(20) DEFAULT NULL,  `activity_tags` varchar(100) DEFAULT NULL,  `images` varchar(255) DEFAULT NULL,  `thumbnails_json` text,  `price` decimal(10,2) DEFAULT NULL,  `salePrice` decimal(10,2) DEFAULT NULL,  `description` text,  `featured` tinyint(1) DEFAULT NULL,  `categoryId` int DEFAULT NULL,  `itemID` int DEFAULT NULL) ENGINE=InnoDB DEFAULT CHARSET=utf8mb4 COLLATE=utf8mb4_0900_ai_ci;/*!40101 SET character_set_client = @saved_cs_client */;---- Dumping data for table `item_import`--LOCK TABLES `item_import` WRITE;/*!40000 ALTER TABLE `item_import` DISABLE KEYS */;INSERT INTO `item_import` VALUES ('Adidas','Marvel Spider-Man: Tracksuit (3-Stripes)',NULL,NULL,NULL,NULL,NULL,'Tracksuit','Set',0.00,4.00,'Male',0,0,NULL),('Adidas','Marvel Spider-Man: T-Shirt',NULL,NULL,NULL,NULL,NULL,'T-Shirts','Set',0.00,4.00,'Male',0,0,NULL),('Adidas','Marvel Spider-Man: Light-Up Trainers',NULL,NULL,NULL,NULL,NULL,'Kids Shoes','Set',0.00,4.00,'Male',0,0,NULL),('Adidas','Marvel Spider-Man: Backpack',NULL,NULL,NULL,NULL,NULL,'Equipment','Set',0.00,4.00,'Male',0,0,NULL),('Adidas','Originals: Campus 00s',NULL,NULL,NULL,NULL,NULL,'Sneakers','Shoes',0.00,5.00,'Male',0,0,NULL),('Adidas','Poly Linear Full-Zip Hoodie and Pants',NULL,NULL,NULL,NULL,NULL,'Tracksuit','Set',0.00,4.00,'Male',0,0,NULL),('Adidas','Running Tee (3-Stripes)',NULL,NULL,NULL,NULL,NULL,'T-Shirts','Tops',0.00,1.00,'Male',0,0,NULL),('Adidas','Flared Leggings (3-Stripes)',NULL,NULL,NULL,NULL,NULL,'Track Pants','Pants',0.00,2.00,'Female',0,0,NULL),('Adidas','Tube Top (3-Stripes)',NULL,NULL,NULL,NULL,NULL,'Bralettes','Tops',0.00,1.00,'Female',0,0,NULL),('Adidas','Booty Shorts (3-Stripes)',NULL,NULL,NULL,NULL,NULL,'Shorts','Pants',0.00,2.00,'Female',0,0,NULL),('Adidas','Hyperglam Long Sleeve Crop Top and Full-Length Leggings',NULL,NULL,NULL,NULL,NULL,'Set','Set',0.00,4.00,'Female',0,0,NULL),('Adidas','Powerreact Training Medium Support Sports Bra',NULL,NULL,NULL,NULL,NULL,'Sports Bras','Tops',0.00,1.00,'Female',0,0,NULL),('Adidas','Powerreact Training Tights',NULL,NULL,NULL,NULL,NULL,'Leggings','Pants',0.00,2.00,'Female',0,0,NULL),('Adidas','UEFA Euro16 Top Glider Ball',NULL,NULL,NULL,NULL,NULL,'Balls','Equipment',0.00,8.00,'Unisex',0,0,NULL),('Asics','Gel Lethal Tigreor 8 IT',NULL,NULL,NULL,NULL,NULL,'Soccer Boots','Shoes',0.00,5.00,'Unisex',0,0,NULL),('Asics','Gel Kayano 26',NULL,NULL,NULL,NULL,NULL,'Running Shoes','Shoes',0.00,5.00,'Unisex',0,0,NULL),('ASOS','4505 Curve Zip-Front Sports Bra (High Support)',NULL,NULL,NULL,NULL,NULL,'Sports Bras','Tops',0.00,1.00,'Female',0,0,NULL),('AYBL','Adapt Seamless Shorts',NULL,NULL,NULL,NULL,NULL,'Shorts','Pants',0.00,2.00,'Female',0,0,NULL),('AYBL','Adapt Seamless Sports Bra',NULL,NULL,NULL,NULL,NULL,'Sports Bras','Tops',0.00,1.00,'Female',0,0,NULL),('Designer','Kate Galliano: Bubblegum Pink Bodysuit',NULL,NULL,NULL,NULL,NULL,'Bodysuits','Set',0.00,4.00,'Female',0,0,NULL),('Designer','Lisa Trujillo: Kids Activewear Set',NULL,NULL,NULL,NULL,NULL,'Set','Set',0.00,4.00,'Female',0,0,NULL),('Nike','Air: Futura Pink Tee',NULL,NULL,NULL,NULL,NULL,'T-Shirts','Tops',0.00,1.00,'Female',0,0,NULL),('Nike','Swoosh: Sports Bra (Medium Support)',NULL,NULL,NULL,NULL,NULL,'Sports Bras','Tops',0.00,1.00,'Female',0,0,NULL),('Nike','Training: Full-Zip Top Tracksuit',NULL,NULL,NULL,NULL,NULL,'Tracksuit','Set',0.00,4.00,'Female',0,0,NULL),('Nike','Training: Pro Mesh 3 Inch Shorts',NULL,NULL,NULL,NULL,NULL,'Shorts','Pants',0.00,2.00,'Female',0,0,NULL),('Nike','Running: Swift UV 12-Inch Zip Top',NULL,NULL,NULL,NULL,NULL,'Long Sleeve Tops','Tops',0.00,1.00,'Female',0,0,NULL),('Nike','Zenvy: Flared Leggings',NULL,NULL,NULL,NULL,NULL,'Leggings','Pants',0.00,2.00,'Female',0,0,NULL),('Nike','Zenvy: High-Waisted Leggings',NULL,NULL,NULL,NULL,NULL,'Leggings','Pants',0.00,2.00,'Female',0,0,NULL),('Nike','600ml Water Bottle',NULL,NULL,NULL,NULL,NULL,'Water Bottles','Equipment',0.00,8.00,'Unisex',0,0,NULL),('Pangaia','MotionFlex Seamless Sports Bra',NULL,NULL,NULL,NULL,NULL,'Sports Bras','Tops',0.00,1.00,'Female',0,0,NULL),('Puma','RS-X-¦ Spectra',NULL,NULL,NULL,NULL,NULL,'Training Shoes','Shoes',0.00,5.00,'Unisex',0,0,NULL),('Reebok','Nano X3',NULL,NULL,NULL,NULL,NULL,'Training Shoes','Shoes',0.00,5.00,'Unisex',0,0,NULL),('Stax','Airlyte: Wrap Longsleeve',NULL,NULL,NULL,NULL,NULL,'Long Sleeve Tops','Tops',0.00,1.00,'Female',0,0,NULL),('Stax','Airlyte: Active Zipper Jacket',NULL,NULL,NULL,NULL,NULL,'Long Sleeve Tops','Tops',0.00,1.00,'Female',0,0,NULL),('Stax','AirLyte: Backless Playsuit',NULL,NULL,NULL,NULL,NULL,'One-Piece','Set',0.00,4.00,'Female',0,0,NULL),('Stax','AirLyte: Full-Length Tights',NULL,NULL,NULL,NULL,NULL,'Leggings','Pants',0.00,2.00,'Female',0,0,NULL),('Stax','AirLyte: Mini Biker Shorts',NULL,NULL,NULL,NULL,NULL,'Shorts','Pants',0.00,2.00,'Female',0,0,NULL),('Stax','AirLyte: Ruched Tank',NULL,NULL,NULL,NULL,NULL,'Tank Tops','Tops',0.00,1.00,'Female',0,0,NULL),('Stax','Nandex: Venus Skirt',NULL,NULL,NULL,NULL,NULL,'Skirts','Skirts and Dresses',0.00,3.00,'Female',0,0,NULL),('Stax','Nandex: Flex Crop',NULL,NULL,NULL,NULL,NULL,'Crop Tops','Tops',0.00,1.00,'Female',0,0,NULL),('Stax','Nandex: Adira Crop',NULL,NULL,NULL,NULL,NULL,'Crop Tops','Tops',0.00,1.00,'Female',0,0,NULL),('Stax','Nandex: Strappy Crop',NULL,NULL,NULL,NULL,NULL,'Long Sleeve Tops','Tops',0.00,1.00,'Female',0,0,NULL),('Stax','Nandex: V-Front Crop',NULL,NULL,NULL,NULL,NULL,'Crop Tops','Tops',0.00,1.00,'Female',0,0,NULL),('Stax','Second Left Seamless: Mini Biker Shorts',NULL,NULL,NULL,NULL,NULL,'Shorts','Pants',0.00,2.00,'Female',0,0,NULL),('Stax','Second Left Seamless: Bralette',NULL,NULL,NULL,NULL,NULL,'Sports Bras','Tops',0.00,1.00,'Female',0,0,NULL),('Stax','Second Left Seamless: Long Sleeve Scoop Crop-Top',NULL,NULL,NULL,NULL,NULL,'Long Sleeve Tops','Tops',0.00,1.00,'Female',0,0,NULL),('Under Armour','Poly Tracksuit',NULL,NULL,NULL,NULL,NULL,'Set','Set',0.00,4.00,'Male',0,0,NULL),('Under Armour','Storm Vanish Track Pants',NULL,NULL,NULL,NULL,NULL,'Track Pants','Pants',0.00,2.00,'Male',0,0,NULL),('Under Armour','Wordmark: Strappy Sports Bra',NULL,NULL,NULL,NULL,NULL,'Sports Bras','Tops',0.00,1.00,'Female',0,0,NULL),('Wilson','Crewneck Sweatshirt',NULL,NULL,NULL,NULL,NULL,'Long Sleeve Tops','Tops',0.00,1.00,'Male',0,0,NULL),('Wilson','Tournament Shirt',NULL,NULL,NULL,NULL,NULL,'T-Shirts','Tops',0.00,1.00,'Male',0,0,NULL),('Wilson','Tournament Shorts',NULL,NULL,NULL,NULL,NULL,'Shorts','Pants',0.00,2.00,'Male',0,0,NULL);/*!40000 ALTER TABLE `item_import` ENABLE KEYS */;UNLOCK TABLES;---- Table structure for table `slides`--DROP TABLE IF EXISTS `slides`;/*!40101 SET @saved_cs_client     = @@character_set_client */;/*!50503 SET character_set_client = utf8mb4 */;CREATE TABLE `slides` (  `id` int NOT NULL AUTO_INCREMENT,  `page_key` varchar(64) NOT NULL,  `sort_order` int NOT NULL,  `banner_path` varchar(255) NOT NULL,  `alt_text` varchar(255) NOT NULL,  `aria_text` varchar(255) NOT NULL,  `video_key` varchar(64) DEFAULT NULL,  PRIMARY KEY (`id`),  KEY `page_key` (`page_key`),  KEY `video_key` (`video_key`)) ENGINE=InnoDB AUTO_INCREMENT=51 DEFAULT CHARSET=utf8mb4 COLLATE=utf8mb4_0900_ai_ci;/*!40101 SET character_set_client = @saved_cs_client */;---- Dumping data for table `slides`--LOCK TABLES `slides` WRITE;/*!40000 ALTER TABLE `slides` DISABLE KEYS */;INSERT INTO `slides` VALUES (1,'homepage',1,'images/AdobeStock_414079274-soccer_ball_and_field.jpeg','Soccer ball on a stadium pitch','View our brand new range of sports balls. Shop now.',NULL),(2,'plus_size',1,'images/plus_size/banners/body-positive-sportswomen-hugging-smiling.jpeg','Body positive sportswomen hugging and smiling','Celebrate body positivity with our plus-size activewear. Shop now.','mom_daughter'),(3,'plus_size',2,'images/plus_size/banners/curvy-woman-boxing-personal-trainer.jpeg','Curvy woman boxing with personal trainer','Feel empowered in our plus-size activewear. Shop now.','mom_daughter'),(4,'plus_size',3,'images/plus_size/banners/gym.jpeg','Plus-size woman working out at the gym','Feel strong and confident in our plus-size gym wear. Shop now.','mom_daughter'),(5,'adidas',1,'images/adidas/banners/01-urban.png','Adidas Urban Collection','Discover the Adidas Urban Collection. Shop the latest street styles.','soccer_world_cup'),(6,'adidas',2,'images/adidas/banners/men/01-urban.jpg','Adidas MenGÇÖs Urban Collection GÇô Style 1','Explore the menGÇÖs urban line from Adidas. Shop now.','soccer_world_cup'),(7,'adidas',3,'images/adidas/banners/men/02-urban.png','Adidas MenGÇÖs Urban Collection GÇô Style 2','Discover the latest menGÇÖs streetwear from Adidas. Shop now.','soccer_world_cup'),(8,'adidas',4,'images/adidas/banners/women/01.png','Adidas WomenGÇÖs Collection','Step into the Adidas womenGÇÖs collection. Shop now.','soccer_world_cup'),(9,'adidas',5,'images/adidas/banners/kids/01.png','Adidas KidsGÇÖ Collection','Gear up the little ones in Adidas KidsGÇÖ Collection. Shop now.','soccer_world_cup'),(10,'asics',1,'images/asics/banners/men/01-cross-country-running.jpg','Asics Cross-Country Running Collection','Discover the Asics cross-country running collection. Shop now.','paris_olympics'),(11,'intus',1,'images/intus/men/banner.png','Intus MenGÇÖs Collection','Discover Intus menGÇÖs collection. Shop now.','run_club'),(12,'nike',1,'images/nike/banner-joyride.png','Nike Joyride Banner','Experience Nike Joyride cushioning. Shop now.','movement'),(13,'puma',1,'images/puma/banner-1.png','Puma Collection Banner','Discover the latest from Puma. Shop now.','dua_lipa'),(14,'reebok',1,'images/reebok/banner-1.png','Reebok Collection Banner','Step into ReebokGÇÖs latest collection. Shop now.','impact'),(15,'stax',1,'images/stax/banners/women/01-hero-images-collage.png','Stax WomenGÇÖs Collection','Explore Stax womenGÇÖs collection. Shop now.','tropical'),(16,'stax',2,'images/stax/banners/women/02-seamless-tones.png','Stax Tones Collection','Discover tonal perfection in StaxGÇÖs Tones collection. Shop now.','tropical'),(17,'stax',3,'images/stax/banners/women/plus-size/01-shorts.png','Stax Plus-Size Shorts','Find your perfect fit in our plus-size shorts. Feel confident and comfortable.','tropical'),(18,'stax',4,'images/stax/banners/women/plus-size/02-tights.png','Stax Plus-Size Tights','Embrace every curve with our plus-size tights. Designed to move with you.','tropical'),(19,'stax',5,'images/stax/banners/women/plus-size/03-long-sleeve.png','Stax Plus-Size Long Sleeve','Stay cozy and stylish in our plus-size long sleeve. Love the way you look.','tropical'),(20,'underarmour',1,'images/underarmour/men/poly_tracksuit/01.png','Under Armour Poly Tracksuit','Discover Under Armour Poly Tracksuit. Shop now.','basketball'),(21,'underarmour',2,'images/underarmour/men/ua_storm_vanish_track_pants/01.png','Under Armour Storm Vanish Track Pants','Explore Under Armour Storm Vanish Track Pants. Shop now.','basketball'),(22,'wilson',1,'images/wilson/men/parkside_crew/01.png','Wilson Parkside Crew Collection','Discover the Wilson Parkside Crew collection. Shop now.','feel_in_flow'),(23,'wilson',2,'images/wilson/men/tournament_shorts/01.png','Wilson Tournament Shorts Collection','Gear up in Wilson Tournament Shorts. Shop now.','feel_in_flow'),(24,'wilson',3,'images/wilson/unisex/01.png','Wilson Unisex Collection','Explore the Wilson Unisex collection. Shop now.','feel_in_flow'),(25,'stax',1,'images/stax/banners/women/01-hero-images-collage.png','Woman wearing Airlyte Wrap Longsleeve from STAX','Move with elegance in the Airlyte Wrap Longsleeve from STAX. Engineered for comfort, made to stand out.','tropical'),(26,'stax',2,'images/stax/banners/women/02-seamless-tones.png','STAX NANDEXGäó V-Front Crop and Scoop Long Sleeve in tonal colours','Seamless, sculpted, and stunning GÇö the NANDEXGäó collection by STAX is your second skin.','nandex_v_front_crop'),(28,'stax',4,'images/stax/banners/women/plus-size/03-long-sleeve.png','STAX Plus-Size Scoop Long Sleeve in black','Confidence meets performance in the plus-size Scoop Long Sleeve by STAX.','scoop_long_sleeve'),(29,'stax',6,'images/stax/banners/women/plus-size/04-airlyte-wrap.png','Woman wearing Airlyte Wrap Longsleeve from STAX','Move with elegance in the Airlyte Wrap Longsleeve from STAX. Engineered for comfort, made to stand out.','tropical'),(30,'stax',7,'images/stax/banners/women/07-nandex-crop.png','STAX Nandex V-Front Crop and Mini Shorts in purple','Seamless, sculpted, and powerful - the NANDEX Crop and Mini Shorts define the V-front silhouette.','nandex_v_front_crop'),(31,'stax',8,'images/stax/banners/women/08-nandex-longsleeve.png','STAX Nandex Long Sleeve Crop-Top in matching purple set','Elevate your motion with the NANDEX Long Sleeve Crop. A flawless fit from gym to street.','nandex_v_front_crop'),(32,'stax',6,'images/stax/banners/women/second-left/01-mini-biker-shorts.png','STAX Second Left Seamless Mini Biker Shorts','Move freely in the sculpted Second Left Seamless Mini Biker Shorts GÇô available in standard and plus sizes.','biker_shorts'),(33,'stax',7,'images/stax/banners/women/second-left/02-bralette.png','STAX Second Left Seamless Bralette','Support meets softness in the STAX Second Left Seamless Bralette GÇô now in both standard and plus sizes.','biker_shorts'),(34,'stax',8,'images/stax/banners/women/second-left/03-longsleeve-crop.png','STAX Second Left Seamless Long Sleeve Crop-Top','Stretch in style with the STAX Seamless Long Sleeve Crop-Top GÇô available in both standard and plus-size fits.','scoop_long_sleeve'),(35,'stax',9,'images/stax/banners/women/melbourne/01-winter-couple.png','Melbourne Winter with STAX Run Club','Feel-good energy meets winter style. Join the STAX Run Club with @podolyano, @kyah_richards, and host @anthonyraji GÇö where fashion warms up the Melbourne streets.','melbourne_winter'),(36,'stax',1,'images/stax/banners/women/01-hero-images-collage.png','Stax WomenGÇÖs Collection','Explore Stax womenGÇÖs collection. Shop now.','tropical'),(37,'stax',2,'images/stax/banners/women/02-seamless-tones.png','Stax Tones Collection','Discover tonal perfection in StaxGÇÖs Tones collection. Shop now.','nandex_v_front_crop'),(38,'stax',3,'images/stax/banners/women/second-left/01-mini-biker-shorts.png','STAX Second Left Seamless Mini Biker Shorts','Move freely in the sculpted Second Left Seamless Mini Biker Shorts GÇô available in standard and plus sizes.','biker_shorts'),(39,'stax',4,'images/stax/banners/women/plus-size/04-airlyte-wrap.png','Woman wearing Airlyte Wrap Longsleeve from STAX','Move with elegance in the Airlyte Wrap Longsleeve from STAX. Engineered for comfort, made to stand out.','tropical'),(40,'stax',5,'images/stax/banners/women/08-nandex-longsleeve.png','STAX Nandex Long Sleeve Crop-Top in matching purple set','Elevate your motion with the NANDEX Long Sleeve Crop. A flawless fit from gym to street.','nandex_v_front_crop'),(41,'stax',6,'images/stax/banners/women/second-left/03-longsleeve-crop.png','STAX Second Left Seamless Long Sleeve Crop-Top','Stretch in style with the STAX Seamless Long Sleeve Crop-Top GÇô available in both standard and plus-size fits.','scoop_long_sleeve'),(42,'stax',7,'images/stax/banners/women/second-left/02-bralette.png','STAX Second Left Seamless Bralette','Support meets softness in the STAX Second Left Seamless Bralette GÇô now in both standard and plus sizes.','biker_shorts'),(43,'stax',8,'images/stax/banners/women/plus-size/05-melbourne-winter.png','STAX Melbourne Winter Editorial','Stay warm and stylish in STAXGÇÖs Melbourne winter collection GÇö long sleeves, leggings, and a taste of the city.','melbourne_winter'),(44,'stax',9,'images/stax/banners/women/plus-size/06-run-club.png','STAX Run Club in Melbourne','Join the STAX Run Club GÇö high-energy 4km runs with community vibes every Saturday. Sign up today!','melbourne_winter'),(50,'adidas',6,'images/adidas/banners/06-play-video.png','Watch our World Cup teaser','Click to play our Adidas World Cup teaser video','soccer_world_cup');/*!40000 ALTER TABLE `slides` ENABLE KEYS */;UNLOCK TABLES;---- Table structure for table `surveyresults`--DROP TABLE IF EXISTS `surveyresults`;/*!40101 SET @saved_cs_client     = @@character_set_client */;/*!50503 SET character_set_client = utf8mb4 */;CREATE TABLE `surveyresults` (  `id` int NOT NULL AUTO_INCREMENT,  `question_no` int NOT NULL,  `response_text` text,  `answered_at` datetime DEFAULT CURRENT_TIMESTAMP,  PRIMARY KEY (`id`)) ENGINE=InnoDB DEFAULT CHARSET=utf8mb4 COLLATE=utf8mb4_0900_ai_ci;/*!40101 SET character_set_client = @saved_cs_client */;---- Dumping data for table `surveyresults`--LOCK TABLES `surveyresults` WRITE;/*!40000 ALTER TABLE `surveyresults` DISABLE KEYS */;/*!40000 ALTER TABLE `surveyresults` ENABLE KEYS */;UNLOCK TABLES;---- Table structure for table `userquestions`--DROP TABLE IF EXISTS `userquestions`;/*!40101 SET @saved_cs_client     = @@character_set_client */;/*!50503 SET character_set_client = utf8mb4 */;CREATE TABLE `userquestions` (  `ID` int NOT NULL AUTO_INCREMENT,  `QuestionNo` int NOT NULL,  `QuestionText` varchar(255) NOT NULL,  PRIMARY KEY (`ID`)) ENGINE=InnoDB AUTO_INCREMENT=11 DEFAULT CHARSET=utf8mb4 COLLATE=utf8mb4_0900_ai_ci;/*!40101 SET character_set_client = @saved_cs_client */;---- Dumping data for table `userquestions`--LOCK TABLES `userquestions` WRITE;/*!40000 ALTER TABLE `userquestions` DISABLE KEYS */;INSERT INTO `userquestions` VALUES (1,1,'How do you currently shop for sportswear?'),(2,2,'What influences your purchasing decisionsGÇöprice, brand, or promotion?'),(3,3,'How often do you watch short promo videos before buying?'),(4,4,'Would you like to filter by brand or product type?'),(5,5,'How do you usually interact with sportswear brands on social media?'),(6,6,'What frustrates you about current online sportswear stores?'),(7,7,'How important is seeing brand stories/videos?'),(8,8,'What features would make your shopping easier?'),(9,9,'What devices do you use to shop online?'),(10,10,'Would you return to a site with good filters and videos?');/*!40000 ALTER TABLE `userquestions` ENABLE KEYS */;UNLOCK TABLES;---- Table structure for table `videos`--DROP TABLE IF EXISTS `videos`;/*!40101 SET @saved_cs_client     = @@character_set_client */;/*!50503 SET character_set_client = utf8mb4 */;CREATE TABLE `videos` (  `video_key` varchar(64) NOT NULL,  `page_key` varchar(50) DEFAULT NULL,  `src_path` varchar(255) NOT NULL,  `aria_label` varchar(255) NOT NULL,  PRIMARY KEY (`video_key`)) ENGINE=InnoDB DEFAULT CHARSET=utf8mb4 COLLATE=utf8mb4_0900_ai_ci;/*!40101 SET character_set_client = @saved_cs_client */;---- Dumping data for table `videos`--LOCK TABLES `videos` WRITE;/*!40000 ALTER TABLE `videos` DISABLE KEYS */;INSERT INTO `videos` VALUES ('basketball',NULL,'images/underarmour/video/basketball.mp4','Under Armour basketball campaign video teaser'),('biker_shorts','stax','images/stax/video/biker_shorts-video.mp4','Stax Biker Shorts in motion'),('dua_lipa',NULL,'images/puma/dua_lipa.mp4','Puma x Dua Lipa campaign video'),('feel_in_flow',NULL,'images/wilson/unisex/feel_in_flow.mp4','Wilson GÇ£Feel in FlowGÇ¥ campaign video teaser'),('french_clay',NULL,'images/wilson/unisex/french_clay.mp4','Wilson French Clay court campaign video teaser'),('impact',NULL,'images/reebok/impact.mp4','Reebok Impact video teaser'),('melbourne_winter','stax','images/stax/video/melbourne-winter-couple.mp4','Layer up in STAX Melbourne GÇô our winter essentials blend style and performance for the colder months.'),('mom_daughter',NULL,'images/plus_size/videos/mom-daughter.mp4','Plus-size mother shopping online with the help of her daughter for activewear'),('movement',NULL,'images/nike/video/movement.mp4','Nike Movement video teaser'),('nandex_v_front_crop','stax','images/stax/video/nandex_v_front_crop.mp4','Stax Nandex V-Front Crop in motion'),('paris_olympics',NULL,'images/asics/video/paris_olympics.mp4','Asics Paris Olympics teaser featuring Australian athletes'),('run_club','stax','images/intus/men/video/run-club-launch.mp4','STAX Run Club kicks off in MelbourneGÇÖs city streets GÇö where fitness meets fashion year-round.'),('scoop_long_sleeve','stax','images/stax/video/scoop_long_sleeve-video.mp4','Stax Scoop Long Sleeve in motion'),('soccer_world_cup',NULL,'images/adidas/video/soccer-world_cup.mp4','Adidas Soccer World Cup video teaser'),('tropical','stax','images/stax/video/tropical.mp4','Stax Tropical activewear teaser');/*!40000 ALTER TABLE `videos` ENABLE KEYS */;UNLOCK TABLES;/*!40103 SET TIME_ZONE=@OLD_TIME_ZONE */;/*!40101 SET SQL_MODE=@OLD_SQL_MODE */;/*!40014 SET FOREIGN_KEY_CHECKS=@OLD_FOREIGN_KEY_CHECKS */;/*!40014 SET UNIQUE_CHECKS=@OLD_UNIQUE_CHECKS */;/*!40101 SET CHARACTER_SET_CLIENT=@OLD_CHARACTER_SET_CLIENT */;/*!40101 SET CHARACTER_SET_RESULTS=@OLD_CHARACTER_SET_RESULTS */;/*!40101 SET COLLATION_CONNECTION=@OLD_COLLATION_CONNECTION */;/*!40111 SET SQL_NOTES=@OLD_SQL_NOTES */;-- Dump completed on 2025-08-15 11:09:15